<?xml version="1.0" encoding="UTF-8"?>
<wco:Response 
	xmlns:kcs="urn:kr:gov:kcs:data:standard:KCS_ResponseOfCSW_RBJSchemaModule:1:0" 
	xmlns:wco="urn:kr:gov:kcs:data:standard:KCS_ResponseOfCSW_RBJSchemaModule:1:0" 
	xmlns:xsi="http://www.w3.org/2001/XMLSchema-instance" xsi:schemaLocation="urn:kr:gov:kcs:data:standard:KCS_ResponseOfCSW_RBJSchemaModule:1:0 ../../schema4G/kcs/data/standard/KCS_ResponseOfCSW_RBJSchemaModule_1.0_standard.xsd">
	<!--부적합통보일시(CCYYMMDDHHMMSS)-->
    <wco:IssueDateTime>20140506123012</wco:IssueDateTime>
    <!--통보문서형태구분코드(GOVCBRRBJ)-->
    <wco:TypeCode>GOVCBRRBJ</wco:TypeCode>
    <!--부적합통보번호-->
    <wco:ID>00000000000</wco:ID>
    <wco:Declaration>
        <!--요건신청접수번호-->
        <wco:FunctionalReferenceID>0000000000000</wco:FunctionalReferenceID>
        <!--요건신청번호-->
        <wco:ID>GOVCBRBR1</wco:ID>
        <!--요건신청문서형태구분코드(GOVCBRBR1)-->
        <wco:TypeCode>GOVCBRBR1</wco:TypeCode>
        <!--부적합 사유-->
        <kcs:Reason>부적합 사유</kcs:Reason>
        <wco:AdditionalInformation>
            <!--부적합 조치내용-->
            <wco:Content> 조치내용</wco:Content>
        </wco:AdditionalInformation>
        <wco:Consignment>
			<wco:ConsignmentItem>
				<wco:Commodity>
					<!--품목식별부호-->
					<wco:ID> GOVCBRRBJ001</wco:ID>
				</wco:Commodity>
			</wco:ConsignmentItem>
        </wco:Consignment>
    </wco:Declaration>
</wco:Response>
