<?xml version="1.0" encoding="UTF-8"?>
<wco:Declaration 
	xmlns:kcs="urn:kr:gov:kcs:data:standard:KCS_DeclarationOfCSW_FR2SchemaModule:1:0" 
	xmlns:wco="urn:kr:gov:kcs:data:standard:KCS_DeclarationOfCSW_FR2SchemaModule:1:0" 
	xmlns:gsw="urn:kr:gov:kcs:data:standard:KCS_DeclarationOfCSW_FR2SchemaModule:1:0" 
	xmlns:xsi="http://www.w3.org/2001/XMLSchema-instance" xsi:schemaLocation="urn:kr:gov:kcs:data:standard:KCS_DeclarationOfCSW_FR2SchemaModule:1:0 ../../schema4G/kcs/data/standard/KCS_DeclarationOfCSW_FR2SchemaModule_1.0_standard.xsd">
	<!--최초검정기관코드-->
    <wco:DeclarationOfficeID>002</wco:DeclarationOfficeID>
    <!--전송구분-->
    <wco:FunctionCode>9</wco:FunctionCode>
    <!--요건신청번호-->
    <wco:ID>S138514000001</wco:ID>
    <!--신청일자(CCYYMMDD)-->
    <wco:IssueDateTime>20140506</wco:IssueDateTime>
    <!--항목총건수-->
    <wco:LoadingListQuantity>3</wco:LoadingListQuantity>
    <!--문서형태구분(GOVCBRFR2)-->
    <wco:TypeCode>GOVCBRFR2</wco:TypeCode>
    <!--제재구분코드-->
    <wco:TransactionNatureCode>1AG</wco:TransactionNatureCode>
    <!--신청문서구분-->
    <kcs:SubTypeCode>1CC</kcs:SubTypeCode>
    <!--취소신청 사유-->
    <kcs:Reason>취소신청 사유</kcs:Reason>
    <!--최초검정기관명-->
    <kcs:DeclarationOffice>KPTA01 서울시 보건환경연구원</kcs:DeclarationOffice>
    <wco:AdditionalInformation>
        <!--수입자기재사항-->
        <wco:Content>수입자기재사항</wco:Content>
    </wco:AdditionalInformation>
    <wco:Agent>
        <!--수입자사업자등록번호(KTX)/수입자무역업허가번호(KFT)-->
        <wco:ID schemeAgencyID="KTX">1111111111</wco:ID>
        <!--수입자사업자등록번호(KTX)/수입자무역업허가번호(KFT)-->
        <wco:ID schemeAgencyID="KFT">608</wco:ID>
        <!--수입자업체상호-->
        <wco:Name>수입자업체상호</wco:Name>
        <!--수입자구분코드-->
        <wco:RoleCode>A</wco:RoleCode>
        <wco:Address>
            <!--수입자상세주소-->
            <wco:Line>수입자상세주소</wco:Line>
            <!--수입자우편번호-->
            <wco:PostcodeID>12431</wco:PostcodeID>
            <!--수입자 기본주소-->
            <kcs:Description>기본주소</kcs:Description>
        </wco:Address>
        <wco:Contact>
            <!--수입자 대표명-->
            <kcs:RepresentativeName>대표명</kcs:RepresentativeName>
        </wco:Contact>
    </wco:Agent>
    <wco:Control>
        <!--품질검사기관코드-->
        <wco:ReviewPlaceID>07</wco:ReviewPlaceID>
        <!--품질검사기관명-->
        <wco:ReviewPlaceName>서울시보건환경연구원</wco:ReviewPlaceName>
        <wco:Certifier>
            <!--식품의약품안전처 관할지방코드-->
            <wco:ID>003</wco:ID>
            <!--식품의약품안전처 관할지방명-->
            <wco:Name>서울지방식약청</wco:Name>
        </wco:Certifier>
    </wco:Control>
    <wco:DutyTaxFee>
        <wco:Payment>
            <!--결제방법코드(CD : 사후 또는 동시 송금방식(COD,CAD), DA : D / A, DP : D / P, GN : 무상 거래, GO : 기타 유상, LH : 분할영수(지급)방식, LS : 일람출급 L/C, LU : 기한부 L/C, PT : 임가공 지급방식의 위탁(수탁)가공 무역, TT : 단순송금방식(T/T,M/T), OA : O/A(open account)-->
            <wco:MethodCode>CD</wco:MethodCode>
            <!--결제금액(통화코드)-->
            <wco:PaymentAmount currencyID="USD">999</wco:PaymentAmount>
            <!--결제기간-->
            <kcs:PeriodDescription>결제기간</kcs:PeriodDescription>
        </wco:Payment>
    </wco:DutyTaxFee>
    <wco:Exporter>
        <!--수출자업체상호-->
        <wco:Name>수출자업체상호</wco:Name>
        <wco:Address>
            <!--수출자국가코드-->
            <wco:CountryCode>GB</wco:CountryCode>
            <!--수출자국가명-->
            <wco:CountryName>영국</wco:CountryName>
            <!--수출자주소-->
            <wco:Line>수출자주소</wco:Line>
        </wco:Address>
    </wco:Exporter>
    <wco:Importer>
        <!--수입화주사업자등록번호-->
        <wco:ID>0000000000</wco:ID>
        <!--수입화주업체상호-->
        <wco:Name>수입화주업체상호</wco:Name>
        <wco:Address>
            <!--수입화주상세주소-->
            <wco:Line>수입화주상세주소</wco:Line>
            <!--수입화주우편번호-->
            <wco:PostcodeID>24123</wco:PostcodeID>
            <!--수입화주기본주소-->
            <kcs:Description>수입화주기본주소</kcs:Description>
        </wco:Address>
        <wco:Contact>
            <!--수입화주 대표명-->
            <kcs:RepresentativeName>대표명</kcs:RepresentativeName>
        </wco:Contact>
    </wco:Importer>
    <wco:TradeTerms>
        <!--인도조건코드-->
        <wco:ConditionCode>DAP</wco:ConditionCode>
    </wco:TradeTerms>
    <wco:UnloadingLocation>
        <!--도착항코드-->
        <wco:ID>ICN</wco:ID>
        <!--도착항명-->
        <wco:Name>인천공항</wco:Name>
    </wco:UnloadingLocation>
    
    <!--1..999 반복-->
    <wco:LPCO>
        <!--허가신고번호-->
        <wco:ID>수허02-1184</wco:ID>
        <!--허가신고일자(CCYYMMDD)-->
        <wco:IssueDateTime>2014506</wco:IssueDateTime>
        <wco:Consignment>
            <wco:ConsignmentItem>
            
				<!--0..10 반복-->
                <wco:AdditionalDocument>
                    <!--동일성검사발급번호-->
                    <wco:ID>DONGIL0001</wco:ID>
                    <!--동일성검사수량-->
                    <wco:QuantityQuantity>99</wco:QuantityQuantity>
                    <!--동일성검사일련번호-->
                    <wco:SequenceNumeric>12</wco:SequenceNumeric>
                </wco:AdditionalDocument>
                
                <wco:Commodity>
                    <!--품목코드-->
                    <wco:ClassificationNameCode>21402841131AGT081000022023</wco:ClassificationNameCode>
                    <!--거래품명-->
                    <wco:CargoDescription>거래품명</wco:CargoDescription>
                    <!--품목식별부호-->
                    <wco:ID>GOVCBRFR2001</wco:ID>
                    <!--구 종별코드-->
                    <wco:CategoryCode>C018</wco:CategoryCode>
                    <wco:Classification>
                        <!--HS10단위부호-->
                        <wco:ID>3305901000</wco:ID>
                    </wco:Classification>
                    <wco:Constituent>
                        <!--모델/규격성분-->
                        <wco:ElementDescription>모델/규격성분</wco:ElementDescription>
                    </wco:Constituent>
                    <wco:DetailedCommodity>
                        <!--모델/규격 수량(단위)-->
                        <wco:CountQuantity kcsUnitCode="EA">999</wco:CountQuantity>
                        <!--모델/규격-->
                        <wco:Description>모델/규격</wco:Description>
                        <!--모델 규격금액(통화코드)-->
                        <wco:ValueAmount currencyID="USD">999</wco:ValueAmount>
                        <!--모델 규격단가-->
                        <kcs:UnitPriceAmount>999</kcs:UnitPriceAmount>
                    </wco:DetailedCommodity>
                </wco:Commodity>
                <wco:Origin>
                    <!--BSE 원산지 국가코드-->
                    <wco:CountryCode>US</wco:CountryCode>
                    <!--BSE 원산지 국가명-->
                    <wco:CountryName>미국</wco:CountryName>
                </wco:Origin>
            </wco:ConsignmentItem>
        </wco:Consignment>
        
        <!--0..10 반복-->
        <wco:Agent>
            <!--계약(수탁)제조일련번호-->
            <wco:ID>123</wco:ID>
            <!--계약(수탁)제조상호1-->
            <wco:Name>제조상호1</wco:Name>
            <!--계약(수탁)제조상호2-->
            <gsw:Name2>제조상호2</gsw:Name2>
            <!--계약(수탁)제조상호3-->
            <gsw:Name3>제조상호3</gsw:Name3>
            <wco:Address>
                <!--계약(수탁)제조국가코드-->
                <wco:CountryCode>US</wco:CountryCode>
                <!--계약(수탁)제조국가명-->
                <wco:CountryName>미국</wco:CountryName>
                <!--계약(수탁)제조주소1-->
                <wco:Line>제조주소1</wco:Line>
                <!--계약(수탁)제조주소2-->
                <gsw:Line2>제조주소2</gsw:Line2>
                <!--계약(수탁)제조주소3-->
                <gsw:Line3>제조주소3</gsw:Line3>
            </wco:Address>
        </wco:Agent>
        <wco:DetailContents>
        
			<!--0..10 반복-->
            <wco:Document>
                <!--제조정보일련번호-->
                <gsw:ReferenceID>12</gsw:ReferenceID>
                <!--제조일자(CCYYMMDD)-->
                <gsw:ManufactureDate>20140721</gsw:ManufactureDate>
                <!--제조번호-->
                <gsw:ManufactureID>B10314</gsw:ManufactureID>
            </wco:Document>
            
            <wco:Party>
                <!--(위탁)제조상호1-->
                <gsw:Name>제조상호1</gsw:Name>
                <!--(위탁)제조상호2-->
                <gsw:Name2>제조상호2</gsw:Name2>
                <!--(위탁)제조상호3-->
                <gsw:Name3>제조상호3</gsw:Name3>
            </wco:Party>
            <wco:Location>
                <!--(위탁)제조국가코드-->
                <gsw:CountryCode>US</gsw:CountryCode>
                <!--(위탁)제조국가명-->
                <gsw:CountryName>미국</gsw:CountryName>
                <!--(위탁)제조주소1-->
                <gsw:LineAddress>제조주소1</gsw:LineAddress>
                <!--(위탁)제조주소2-->
                <gsw:LineAddress2>제조주소2</gsw:LineAddress2>
                <!--(위탁)제조주소3-->
                <gsw:LineAddress3>제조주소3</gsw:LineAddress3>
                <!--BSE 원산지 국가코드-->
                <gsw:OriginCountryCode>US</gsw:OriginCountryCode>
                <!--BSE 원산지 국가명-->
                <gsw:OriginCountryName>미국</gsw:OriginCountryName>
            </wco:Location>
            <wco:Indicator>
                <!--BGMP대상구분코드(1AV : 비대상/1AU : 대상)-->
                <gsw:BGMPObjectYN>1AV</gsw:BGMPObjectYN>
                <!--DMF대상구분코드(1AV : 비대상/1AU : 대상)-->
                <gsw:DMFObjectYN>1AV</gsw:DMFObjectYN>
            </wco:Indicator>
            <wco:Product>
                <!--기능성화장품대상구분코드(1AV : 비대상/1AU : 대상)-->
                <gsw:DrugCosmeticDistinctionCode>1AU</gsw:DrugCosmeticDistinctionCode>
                <!--의약품표준코드-->
                <gsw:MedicineCode>10310934001</gsw:MedicineCode>
                <!--구 품목코드-->
                <gsw:IdentificationID>21402841131AGT081000022023</gsw:IdentificationID>
                <!--BSE 대상구분코드-->
                <gsw:BSESubjectItemCode>1AV</gsw:BSESubjectItemCode>
                <!--기원물질-->
                <gsw:OptativeAnimal>Human</gsw:OptativeAnimal>
                <!--추출(사용)부위-->
                <gsw:AbstractionPart>Hair</gsw:AbstractionPart>
                <!--BATCH NO-->
                <gsw:BatchNo>Hydrolyzed Keratin</gsw:BatchNo>
            </wco:Product>
        </wco:DetailContents>
    </wco:LPCO>
    
</wco:Declaration>
