<?xml version="1.0" encoding="UTF-8"?>
<wco:Response 
	xmlns:kcs="urn:kr:gov:kcs:data:standard:KCS_ResponseOfCSW_DD2SchemaModule:1:0" 
	xmlns:wco="urn:kr:gov:kcs:data:standard:KCS_ResponseOfCSW_DD2SchemaModule:1:0" 
	xmlns:xsi="http://www.w3.org/2001/XMLSchema-instance" xsi:schemaLocation="urn:kr:gov:kcs:data:standard:KCS_ResponseOfCSW_DD2SchemaModule:1:0 ../../schema4G/kcs/data/standard/KCS_ResponseOfCSW_DD2SchemaModule_1.0_standard.xsd">
	<!--정정 통보일시(CCYYMMDDHHMMSS)-->
    <wco:IssueDateTime>20140506123012</wco:IssueDateTime>
    <!--통보문서형태구분코드(GOVCBRDD2)-->
    <wco:TypeCode>GOVCBRDD2</wco:TypeCode>
    <!--정정통보번호-->
    <wco:ID>000000000</wco:ID>
    <wco:Declaration>
        <!--요건신청접수번호-->
        <wco:FunctionalReferenceID>000000000000</wco:FunctionalReferenceID>
        <!--요건신청번호-->
        <wco:ID>1140613000054</wco:ID>
        <!--요건신청문서형태구분코드(GOVCBRBR1)-->
        <wco:TypeCode>GOVCBRBR1</wco:TypeCode>
        <!--정정차수-->
        <wco:VersionID>3</wco:VersionID>
        
        <!--1..999 반복-->
        <wco:Amendment>
            <!--변경 구분(A : 검사종류 변경/ B : 신청 내역 변경)-->
            <wco:ChangeReasonCode>A</wco:ChangeReasonCode>
            <!--변경 항목 명-->
            <wco:Content>공통사항 신고인명</wco:Content>
            <!--이전값내용-->
            <wco:StatementDescription>홍길동</wco:StatementDescription>
            <!--이후값내용-->
            <kcs:AdjustmentDescription>홍길순</kcs:AdjustmentDescription>
            <wco:Pointer>
                <!--정정 일련번호-->
                <wco:SequenceNumeric>1</wco:SequenceNumeric>
            </wco:Pointer>
        </wco:Amendment>
    </wco:Declaration>
</wco:Response>