<?xml version="1.0" encoding="UTF-8"?>
<wco:Response 
	xmlns:kcs="urn:kr:gov:kcs:data:standard:KCS_ResponseOfCSW_RBGSchemaModule:1:0" 
	xmlns:wco="urn:kr:gov:kcs:data:standard:KCS_ResponseOfCSW_RBGSchemaModule:1:0" 
	xmlns:xsi="http://www.w3.org/2001/XMLSchema-instance" xsi:schemaLocation="urn:kr:gov:kcs:data:standard:KCS_ResponseOfCSW_RBGSchemaModule:1:0 ../../schema4G/kcs/data/standard/KCS_ResponseOfCSW_RBGSchemaModule_1.0_standard.xsd">
	<!--오류통보일시(CCYYMMDDHHMMSS)-->
    <wco:IssueDateTime>20140506123012</wco:IssueDateTime>
    <!--통보문서형태구분코드(GOVCBRRBG)-->
    <wco:TypeCode>GOVCBRRBG</wco:TypeCode>
    <!--오류통보번호-->
    <wco:ID>0000000000000</wco:ID>
    <wco:Authenticator>
        <!--통보기관명-->
        <wco:Name>통보기관명</wco:Name>
    </wco:Authenticator>
    <wco:Declaration>
        <!--요건신청번호-->
        <wco:ID>1140613000054</wco:ID>
        <!--요건신청문서형태구분코드(COVCBRBR1)-->
        <wco:TypeCode>COVCBRBR1</wco:TypeCode>
    </wco:Declaration>
    
    <!--1..999 반복-->
    <wco:Error>
        <!--오류내역-->
        <kcs:Description>오류내역</kcs:Description>
        <wco:Pointer>
            <!--오류발생위치-->
            <wco:DocumentSectionCode>품목사항</wco:DocumentSectionCode>
            <!--오류 일련번호-->
            <wco:SequenceNumeric>1234</wco:SequenceNumeric>
            <!--오류문서 KEY 1/2-->
            <wco:TagID>1234567890</wco:TagID>
            <!--오류문서 KEY 1/2-->
            <wco:TagID>ABCDEFGHIJ</wco:TagID>
        </wco:Pointer>
    </wco:Error>
    
</wco:Response>
