<?xml version="1.0" encoding="UTF-8"?>
<wco:Response 
	xmlns:kcs="urn:kr:gov:kcs:data:standard:KCS_ResponseOfCSW_RBHSchemaModule:1:0" 
	xmlns:wco="urn:kr:gov:kcs:data:standard:KCS_ResponseOfCSW_RBHSchemaModule:1:0" 
	xmlns:xsi="http://www.w3.org/2001/XMLSchema-instance" xsi:schemaLocation="urn:kr:gov:kcs:data:standard:KCS_ResponseOfCSW_RBHSchemaModule:1:0 ../../schema4G/kcs/data/standard/KCS_ResponseOfCSW_RBHSchemaModule_1.0_standard.xsd">
	<!--결과통보일시(CCYYMMDDHHMMSS)-->
    <wco:IssueDateTime>20140506123025</wco:IssueDateTime>
    <!--통보문서형태구분코드(GOVCBRRBH)-->
    <wco:TypeCode>GOVCBRRBH</wco:TypeCode>
    <!--결과통보번호-->
    <wco:ID>00000000000</wco:ID>
    <wco:Authenticator>
        <!--처리담당자명-->
        <wco:Name>홍길동</wco:Name>
        <wco:Communication>
            <!--처리담당자 전화번호-->
            <wco:ID>0421111111</wco:ID>
        </wco:Communication>
    </wco:Authenticator>
    <wco:Declaration>
        <!--요건기관지원코드-->
        <wco:DeclarationOfficeID>1025201</wco:DeclarationOfficeID>
        <!--요건신청 처리기한(CCYYMMDD)-->
        <kcs:ExpirationDateTime>20140506</kcs:ExpirationDateTime>
        <!--요건신청 접수번호-->
        <wco:FunctionalReferenceID>0000000000000</wco:FunctionalReferenceID>
        <!--신청번호-->
        <wco:ID>00000000000</wco:ID>
        <!--요건신청문서형태구분코드(GOVCBRBR1)-->
        <wco:TypeCode>GOVCBRBR1</wco:TypeCode>
        <!--서류검역대상여부-->
        <kcs:ExaminationIndicatorCode>Y</kcs:ExaminationIndicatorCode>
        <!--요건기관지원명-->
        <kcs:DeclarationOffice>요건기관지원명</kcs:DeclarationOffice>
        <wco:AdditionalDocument>
            <!--요건승인번호-->
            <wco:ID>00000000000</wco:ID>
        </wco:AdditionalDocument>
        <wco:AdditionalInformation>
            <!--참조 내용-->
            <wco:Content>참조 내용</wco:Content>
            <!--품목(명)-->
            <wco:StatementDescription>품목</wco:StatementDescription>
        </wco:AdditionalInformation>
        <wco:Consignment>
            <wco:AdditionalDocument>
                <!--정밀검사 접수 번호-->
                <wco:ID>000000000</wco:ID>
            </wco:AdditionalDocument>
            
            <!--0..50 반복-->
            <wco:ConsignmentItem>
                <!--정밀검사 상세일련번호-->
                <wco:SequenceNumeric>3</wco:SequenceNumeric>
                <wco:AdditionalInformation>
                    <!--정밀검사 내용-->
                    <wco:Content>정밀검사 내용</wco:Content>
                    <!--정밀검사 물질 분류 코드-->
                    <wco:StatementCode>AA</wco:StatementCode>
                </wco:AdditionalInformation>
                <wco:Commodity>
                    <!--정밀검사 물질 명-->
                    <wco:Name>물질 명</wco:Name>
                    <wco:AdditionalInformation>
                        <!--정밀검사 기타사항-->
                        <wco:Content>기타사항</wco:Content>
                    </wco:AdditionalInformation>
                </wco:Commodity>
            </wco:ConsignmentItem>
            
        </wco:Consignment>
        <wco:Control>
            <!--검사(검역) 지정일자(CCYYMMDD)-->
            <wco:InspectionStartDateTime>20140203</wco:InspectionStartDateTime>
            <!--보완 제출 기한(CCYYMMDD)-->
            <wco:LimitDateTime>20140203</wco:LimitDateTime>
            <!--검사장소명-->
            <wco:ReviewPlaceName>검사장소명</wco:ReviewPlaceName>
            <!--검사종류 코드-->
            <wco:TypeCode>A</wco:TypeCode>
            <!--보완제출서류-->
            <kcs:Name>수출국식물검역증명서내용</kcs:Name>
            <!--검사종류 내용-->
            <kcs:InspectionDescription>검사종류 내용</kcs:InspectionDescription>
        </wco:Control>
        <wco:PreviousDocument>
            <!--기관 관리번호-->
            <wco:ID>0000000000</wco:ID>
        </wco:PreviousDocument>
        <wco:Submitter>
            <!--신청인명-->
            <wco:Name>신청인명</wco:Name>
        </wco:Submitter>
    </wco:Declaration>
    <wco:Status>
        <!--처리상태 코드-->
        <wco:NameCode>01</wco:NameCode>
    </wco:Status>
</wco:Response>