<?xml version="1.0" encoding="UTF-8"?>
<wco:Response 
	xmlns:kcs="urn:kr:gov:kcs:data:standard:KCS_ResponseOfCSW_FS8SchemaModule:1:0" 
	xmlns:wco="urn:kr:gov:kcs:data:standard:KCS_ResponseOfCSW_FS8SchemaModule:1:0" 
	xmlns:xsi="http://www.w3.org/2001/XMLSchema-instance" xsi:schemaLocation="urn:kr:gov:kcs:data:standard:KCS_ResponseOfCSW_FS8SchemaModule:1:0 ../../schema4G/kcs/data/standard/KCS_ResponseOfCSW_FS8SchemaModule_1.0_standard.xsd">
	<!--발급일자(CCYYMMDD)-->
    <wco:IssueDateTime>20140506</wco:IssueDateTime>
    <!--문서형태구분(GOVCBRFS8)-->
    <wco:TypeCode>GOVCBRFS8</wco:TypeCode>
    <!--발급번호-->
    <wco:ID>00000000000</wco:ID>
    <wco:Authenticator>
        <!--발급기관명-->
        <wco:Name>발급기관명</wco:Name>
        <wco:Contact>
            <!--발급기관대표자명-->
            <wco:Name>발급기관대표자명</wco:Name>
        </wco:Contact>
    </wco:Authenticator>
    <wco:AdditionalInformation>
        <!--기관기재사항내용-->
        <wco:Content>기관기재사항내용</wco:Content>
    </wco:AdditionalInformation>
    <wco:Certifier>
        <!--발급기관전자서명명-->
        <wco:Name>발급기관전자서명명</wco:Name>
    </wco:Certifier>
    <wco:Declaration>
        <!--유효일자(CCYYMMDD)-->
        <wco:EffectiveDateTime>20140506</wco:EffectiveDateTime>
        <!--요건신청번호-->
        <wco:ID>0000000000000</wco:ID>
        <!--총금액(통화코드)-->
        <wco:InvoiceAmount currencyID="KRW">999</wco:InvoiceAmount>
        <!--신청일자(CCYYMMDD)-->
        <wco:IssueDateTime>20140506</wco:IssueDateTime>
        <!--요건신청문서형태구분(GOVCBRFR3)-->
        <wco:TypeCode>GOVCBRFR3</wco:TypeCode>
        <!--제재구분코드-->
        <wco:TransactionNatureCode>001</wco:TransactionNatureCode>
        <wco:AdditionalInformation>
            <!--수입자기재사항내용-->
            <wco:Content>수입자기재사항내용</wco:Content>
        </wco:AdditionalInformation>
        
        <!--1..999 반복-->
        <wco:Consignment>
            <wco:ConsignmentItem>
                <wco:Commodity>
                    <!--거래품명1-->
                    <wco:CargoDescription>거래품명1</wco:CargoDescription>
                    <!--품목코드-->
                    <wco:ClassificationNameCode>AAAA</wco:ClassificationNameCode>
                    <!--거래품명2-->
                    <wco:Description>거래품명2</wco:Description>
                    <!--품목구분명-->
                    <wco:GoodsGroupName>품목구분명</wco:GoodsGroupName>
                    <!--품목코드-->
                    <wco:GoodsGroupNameCode>AAA</wco:GoodsGroupNameCode>
                    <!--품목식별부호-->
                    <wco:ID>00000000000</wco:ID>
                    <wco:AdditionalDocument>
                        <!--안정성심사번호-->
                        <wco:ID>000000</wco:ID>
                        <!--안전성심사일자(CCYYMMDD)-->
                        <wco:IssueDateTime>20140506</wco:IssueDateTime>
                    </wco:AdditionalDocument>
                    <wco:Classification>
                        <!--HS10단위부호-->
                        <wco:ID>0000000000</wco:ID>
                    </wco:Classification>
                    <wco:DetailedCommodity>
                        <!--수량(단위)-->
                        <wco:CountQuantity kcsUnitCode="EA">99</wco:CountQuantity>
                        <!--모델/규격-->
                        <wco:Description>모델/규격</wco:Description>
                        <!--금액(통화코드)-->
                        <wco:ValueAmount currencyID="KRW">99</wco:ValueAmount>
                        <!--단가-->
                        <kcs:UnitPriceAmount>99</kcs:UnitPriceAmount>
                    </wco:DetailedCommodity>
                </wco:Commodity>
                <wco:Packaging>
                    <!--포장수량(단위코드)-->
                    <wco:QuantityQuantity kcsUnitCode="CT">99</wco:QuantityQuantity>
                </wco:Packaging>
            </wco:ConsignmentItem>
        </wco:Consignment>
        <wco:DutyTaxFee>
            <wco:Payment>
                <!--결제방법-->
                <wco:MethodCode>01</wco:MethodCode>
                <!--결제금액(통화코드)-->
                <wco:PaymentAmount currencyID="KRW">99</wco:PaymentAmount>
                <!--결제방법명-->
                <kcs:MethodDescription>결제방법명</kcs:MethodDescription>
                <!--결제기간-->
                <kcs:PeriodDescription>결제기간내용</kcs:PeriodDescription>
            </wco:Payment>
        </wco:DutyTaxFee>
        <wco:GoodsShipment>
            <wco:Supplier>
                <!--공급자(수출자)업체상호-->
                <wco:Name>업체상호</wco:Name>
                <wco:Address>
                    <!--공급자(수출자)국가코드-->
                    <wco:CountryCode>KR</wco:CountryCode>
                    <!--공급자(수출자)국가명-->
                    <wco:CountryName>한국</wco:CountryName>
                    <!--공급자(수출자)주소-->
                    <wco:Line>주소</wco:Line>
                </wco:Address>
                <wco:Contact>
                    <!--공급자(수출자) 대표명-->
                    <wco:Name>대표명</wco:Name>
                    <!--공급자(수출자) 대표명2-->
                    <kcs:RepresentativeName>대표명2</kcs:RepresentativeName>
                </wco:Contact>
            </wco:Supplier>
        </wco:GoodsShipment>
        <wco:Importer>
            <!--수입자사업자등록번호(KTX)/수입자무역업허가번호(KFT)-->
            <wco:ID schemeAgencyID="KTX">0000000000</wco:ID>
             <!--수입자사업자등록번호(KTX)/수입자무역업허가번호(KFT)-->
            <wco:ID schemeAgencyID="KFT">0000000000</wco:ID>
            <!--수입자업체상호-->
            <wco:Name>수입자업체상호</wco:Name>
            <!--수입자구분코드-->
            <wco:RoleCode>A</wco:RoleCode>
            <wco:Address>
                <!--수입자상세주소-->
                <wco:Line>수입자상세주소</wco:Line>
                <!--수입자우편번호-->
                <wco:PostcodeID>44222</wco:PostcodeID>
                <!--수입자기본주소-->
                <kcs:Description>수입자기본주소</kcs:Description>
            </wco:Address>
            <wco:Contact>
                <!--수입자(대표)명-->
                <wco:Name>대표</wco:Name>
                <!--수입자(대표)명2-->
                <kcs:RepresentativeName>대표</kcs:RepresentativeName>
            </wco:Contact>
        </wco:Importer>
        <wco:Manufacturer>
            <!--제조자업체상호-->
            <wco:Name>제조자업체상호</wco:Name>
            <wco:Address>
                <!--제조자국가코드-->
                <wco:CountryCode>KR</wco:CountryCode>
                <!--제조자국가명-->
                <wco:CountryName>한국</wco:CountryName>
                <!--제조자주소-->
                <wco:Line>제조자주소</wco:Line>
            </wco:Address>
            <wco:Contact>
                <!--제조자(대표)명-->
                <wco:Name>대표</wco:Name>
                <!--제조자(대표)명2-->
                <kcs:RepresentativeName>대표</kcs:RepresentativeName>
            </wco:Contact>
        </wco:Manufacturer>
        <wco:LoadingLocation>
            <!--인도장소명-->
            <wco:Name>인도장소명</wco:Name>
        </wco:LoadingLocation>
        <wco:Payer>
            <!--납세의무자사업자등록번호-->
            <wco:ID>0000000000</wco:ID>
            <!--납세의무자업체상호-->
            <wco:Name>납세의무자업체상호</wco:Name>
            <wco:Address>
                <!--납세의무자상세주소-->
                <wco:Line>납세의무자상세주소</wco:Line>
                <!--납세의무자우편번호-->
                <wco:PostcodeID>55222</wco:PostcodeID>
                <!--납세의무자기본주소-->
                <kcs:Description>납세의무자기본주소</kcs:Description>
            </wco:Address>
            <wco:Contact>
                <!--납세의무자(대표)명-->
                <wco:Name>대표</wco:Name>
                <!--납세의무자(대표)명2-->
                <kcs:RepresentativeName>대표</kcs:RepresentativeName>
            </wco:Contact>
        </wco:Payer>
        <wco:TradeTerms>
            <!--인도조건코드-->
            <wco:ConditionCode>AA</wco:ConditionCode>
            <!--인도조건명-->
            <wco:Description>인도조건명</wco:Description>
            <!--인도국가코드-->
            <wco:LocationID>KR</wco:LocationID>
            <!--인도국가명-->
            <wco:LocationName>한국</wco:LocationName>
        </wco:TradeTerms>
        <wco:UnloadingLocation>
            <!--도착항코드-->
            <wco:ID>KRPUS</wco:ID>
            <!--도착항명-->
            <wco:Name>부산항</wco:Name>
        </wco:UnloadingLocation>
    </wco:Declaration>
	<wco:Status>
		<!--필증 처리상태-->
		<wco:NameCode>R01</wco:NameCode>
	</wco:Status>
</wco:Response>
