<?xml version="1.0" encoding="UTF-8"?>
<wco:Response 
	xmlns:kcs="urn:kr:gov:kcs:data:standard:KCS_ResponseOfCSW_FS7SchemaModule:1:0" 
	xmlns:wco="urn:kr:gov:kcs:data:standard:KCS_ResponseOfCSW_FS7SchemaModule:1:0" 
	xmlns:gsw="urn:kr:gov:kcs:data:standard:KCS_ResponseOfCSW_FS7SchemaModule:1:0" 
	xmlns:xsi="http://www.w3.org/2001/XMLSchema-instance" xsi:schemaLocation="urn:kr:gov:kcs:data:standard:KCS_ResponseOfCSW_FS7SchemaModule:1:0 ../../schema4G/kcs/data/standard/KCS_ResponseOfCSW_FS7SchemaModule_1.0_standard.xsd">
	<!--발급일자(CCYYMMDD)-->
    <wco:IssueDateTime>20140506</wco:IssueDateTime>
    <!--문서형태구분-->
    <wco:TypeCode>GOVCBRFS7</wco:TypeCode>
    <!--발급번호-->
    <wco:ID>2305010800283621</wco:ID>
    <wco:Authenticator>
        <!--발급기관명-->
        <wco:Name>발급기관명</wco:Name>
        <wco:Contact>
            <!--발급기관의 발급자명-->
            <wco:Name>발급자명</wco:Name>
        </wco:Contact>
        <wco:Communication>
            <!--발급기관 전화번호-->
            <wco:ID>0426589654</wco:ID>
        </wco:Communication>
    </wco:Authenticator>
    <wco:AdditionalInformation>
        <!--발급기관 기재란내용-->
        <wco:Content>기재란내용</wco:Content>
    </wco:AdditionalInformation>
    <wco:Certifier>
        <!--발급기관 전자서명-->
        <wco:Name>전자서명</wco:Name>
    </wco:Certifier>
    <wco:Declaration>
        <!--최초검정기관코드-->
        <wco:DeclarationOfficeID>002</wco:DeclarationOfficeID>
        <!--유효일자(CCYYMMDD)-->
        <wco:EffectiveDateTime>20140506</wco:EffectiveDateTime>
        <!--요건신청번호-->
        <wco:ID>S138514000001</wco:ID>
        <!--신청일자(CCYYMMDD)-->
        <wco:IssueDateTime>20140203</wco:IssueDateTime>
        <!--항목총건수-->
        <wco:LoadingListQuantity>3</wco:LoadingListQuantity>
        <!--요건신청문서형태구분-->
        <wco:TypeCode>GOVCBRFR2</wco:TypeCode>
        <!--제재구분코드-->
        <wco:TransactionNatureCode>1AG</wco:TransactionNatureCode>
        <!--신청문서구분(1CC : 통관예정보고서 1CB : 수입요건확인신청서)-->
        <kcs:SubTypeCode>1CB</kcs:SubTypeCode>
        <!--최초검정기관명-->
        <kcs:DeclarationOffice>최초검정기관명</kcs:DeclarationOffice>
        <wco:AdditionalInformation>
            <!--수입자기재사항내용-->
            <wco:Content>수입자기재사항내용</wco:Content>
        </wco:AdditionalInformation>
        <wco:Agent>
            <!--수입자사업자등록번호(KTX)/수입자무역업허가번호(KFT)-->
            <wco:ID schemeAgencyID="KTX">0000000000</wco:ID>
            <!--수입자사업자등록번호(KTX)/수입자무역업허가번호(KFT)-->
            <wco:ID schemeAgencyID="KFT">0000000000</wco:ID>
            
            <!--수입자 업체상호-->
            <wco:Name>업체상호</wco:Name>
            <!--수입자 구분코드(A : 수입자,납세의무자(수입화주) 동일B : 수입자,납세의무자(수입화주) 상이)-->
            <wco:RoleCode>A</wco:RoleCode>
            <wco:Address>
                <!--수입자 상세주소-->
                <wco:Line>상세주소</wco:Line>
                <!--수입자 우편번호-->
                <wco:PostcodeID>12355</wco:PostcodeID>
                <!--수입자 기본주소-->
                <kcs:Description>기본주소</kcs:Description>
            </wco:Address>
            <wco:Contact>
                <!--수입자 대표명-->
                <kcs:RepresentativeName>대표명</kcs:RepresentativeName>
            </wco:Contact>
        </wco:Agent>
        <wco:Control>
            <!--품질검사기관코드-->
            <wco:ReviewPlaceID>07</wco:ReviewPlaceID>
            <!--품질검사기관명-->
            <wco:ReviewPlaceName>서울시보건환경연구원</wco:ReviewPlaceName>
            <wco:Certifier>
                <!--식품의약품안전처 관할지방코드-->
                <wco:ID>003</wco:ID>
                <!--식품의약품안전처 관할지방명-->
                <wco:Name>서울지방식약청</wco:Name>
            </wco:Certifier>
        </wco:Control>
        <wco:DutyTaxFee>
            <wco:Payment>
                <!--결제방법코드(CD : 사후 또는 동시 송금방식(COD,CAD)DA : D / ADP : D / PGN : 무상 거래GO : 기타 유상LH : 분할영수(지급)방식LS : 일람출급 L/CLU : 기한부 L/CPT : 임가공 지급방식의 위탁(수탁)가공 무역TT : 단순송금방식(T/T,M/T)OA : O/A(open account))-->
                <wco:MethodCode>CD</wco:MethodCode>
                <!--결제금액(통화코드)-->
                <wco:PaymentAmount currencyID="GBP">999</wco:PaymentAmount>
                <!--결제기간-->
                <kcs:PeriodDescription>36개월</kcs:PeriodDescription>
            </wco:Payment>
        </wco:DutyTaxFee>
        <wco:Exporter>
            <!--수출자 업체상호-->
            <wco:Name>업체상호</wco:Name>
            <wco:Address>
                <!--수출자 국가코드-->
                <wco:CountryCode>KR</wco:CountryCode>
                <!--수출자 국가명-->
                <wco:CountryName>한국</wco:CountryName>
                <!--수출자 주소-->
                <wco:Line>주소</wco:Line>
            </wco:Address>
        </wco:Exporter>
        <wco:Importer>
            <!--수입화주사업자등록번호-->
            <wco:ID>0000000000</wco:ID>
            <!--수입화주 상호-->
            <wco:Name>상호</wco:Name>
            <wco:Address>
                <!--수입화주 상세주소-->
                <wco:Line>상세주소</wco:Line>
                <!--수입화주 우편번호-->
                <wco:PostcodeID>55534</wco:PostcodeID>
                <!--수입화주 기본주소-->
                <kcs:Description>기본주소</kcs:Description>
            </wco:Address>
            <wco:Contact>
                <!--수입화주 대표명-->
                <kcs:RepresentativeName>대표명</kcs:RepresentativeName>
            </wco:Contact>
        </wco:Importer>
        <wco:TradeTerms>
            <!--인도조건코드(CFR : 운임포함 인도조건CIF : 운임,보험료 포함 인도조건CIN : 보험료포함 인도조건CIP : 운송비,보험료지불인도조건CPT : 운송비 지불인도조건DAF : 국경인도조건DAP : 도착지 지정장소 인도조건DAT : 도착지 터미널 인도조건DDP : 관세지급 인도조건DDU : 관세미지급 인도조건DEQ : 부두 인도조건DES : 착선 인도조건EXW : 작업장 인도조건FAS : 선측 인도조건FCA : 운송인 인도조건FOB : 본선 인도조건)-->
            <wco:ConditionCode>CFR</wco:ConditionCode>
        </wco:TradeTerms>
        <wco:UnloadingLocation>
                <!--도착항코드-->
                <wco:ID>ICN</wco:ID>
                <!--도착항명-->
                <wco:Name>인천공항</wco:Name>
        </wco:UnloadingLocation>
        
        <!--1..999 반복-->
        <wco:LPCO>
            <!--허가신고번호-->
            <wco:ID>02-1184</wco:ID>
            <!--허가신고일자(CCYYMMDD)-->
            <wco:IssueDateTime>20100506</wco:IssueDateTime>
            <wco:Consignment>
                <wco:ConsignmentItem>
					
					<!--0..10 반복-->
                    <wco:AdditionalDocument>
                        <!--동일성검사발급번호-->
                        <wco:ID>DONGIL0001</wco:ID>
                        <!--동일성검사수량-->
                        <wco:QuantityQuantity>111</wco:QuantityQuantity>
                        <!--동일성검사일련번호-->
                        <wco:SequenceNumeric>12</wco:SequenceNumeric>
                    </wco:AdditionalDocument>
                    
                    <wco:Commodity>
                        <!--품목코드-->
                        <wco:ClassificationNameCode>21402841131AGT081000022023</wco:ClassificationNameCode>
                        <!--거래품명-->
                        <wco:CargoDescription>거래품명</wco:CargoDescription>
                        <!--품목식별부호-->
                        <wco:ID>FR2001</wco:ID>
                        <!--구 종별코드-->
                        <wco:CategoryCode>AAA</wco:CategoryCode>
                        <wco:Classification>
                            <!--HS10단위부호-->
                            <wco:ID>0000000000</wco:ID>
                        </wco:Classification>
                        <wco:Constituent>
                            <!--모델/규격 성분-->
                            <wco:ElementDescription>성분</wco:ElementDescription>
                        </wco:Constituent>
                        <wco:DetailedCommodity>
                            <!--모델/규격 수량(단위코드)-->
                            <wco:CountQuantity kcsUnitCode="BOX">999</wco:CountQuantity>
                            <!--모델/규격-->
                            <wco:Description>모델/규격</wco:Description>
                            <!--모델/규격 금액(통화코드)-->
                            <wco:ValueAmount currencyID="USD">999</wco:ValueAmount>
                            <!--모델/규격 단가-->
                            <kcs:UnitPriceAmount>888</kcs:UnitPriceAmount>
                        </wco:DetailedCommodity>
                    </wco:Commodity>
                    <wco:Origin>
                        <!--원산지국가코드-->
                        <wco:CountryCode>US</wco:CountryCode>
                        <!--원산지국가명-->
                        <wco:CountryName>미국</wco:CountryName>
                    </wco:Origin>
                </wco:ConsignmentItem>
            </wco:Consignment>

            <!--0..10 반복-->
            <wco:Agent>
                <!--계약(수탁)제조일련번호-->
                <wco:ID>000</wco:ID>
                <!--계약(수탁)제조상호1-->
                <wco:Name>제조상호1</wco:Name>
                <!--계약(수탁)제조상호2-->
                <gsw:Name2>제조상호2</gsw:Name2>
                <!--계약(수탁)제조상호3-->
                <gsw:Name3>제조상호3</gsw:Name3>
                <wco:Address>
                    <!--계약(수탁)제조국가코드-->
                    <wco:CountryCode>US</wco:CountryCode>
                    <!--계약(수탁)제조국가명-->
                    <wco:CountryName>미국</wco:CountryName>
                    <!--계약(수탁)제조주소1-->
                    <wco:Line>제조주소1</wco:Line>
                    <!--계약(수탁)제조주소2-->
                    <gsw:Line2>제조주소2</gsw:Line2>
                    <!--계약(수탁)제조주소3-->
                    <gsw:Line3>제조주소3</gsw:Line3>
                </wco:Address>
            </wco:Agent>

            <wco:DetailContents>

				<!--0..10 반복-->
                <wco:Document>
                    <!--제조정보일련번호-->
                    <gsw:ReferenceID>12</gsw:ReferenceID>
                    <!--제조일자(CCYYMMDD)-->
                    <gsw:ManufactureDate>20140506</gsw:ManufactureDate>
                    <!--제조번호-->
                    <gsw:ManufactureID>B10314</gsw:ManufactureID>
                </wco:Document>

                <wco:Party>
                    <!--(위탁)제조상호1-->
                    <gsw:Name>제조상호1</gsw:Name>
                    <!--(위탁)제조상호2-->
                    <gsw:Name2>제조상호2</gsw:Name2>
                    <!--(위탁)제조상호3-->
                    <gsw:Name3>제조상호3</gsw:Name3>
                </wco:Party>
                <wco:Location>
                    <!--(위탁)제조국가코드-->
                    <gsw:CountryCode>US</gsw:CountryCode>
                    <!--(위탁)제조국가명-->
                    <gsw:CountryName>미국</gsw:CountryName>
                    <!--(위탁)제조주소1-->
                    <gsw:LineAddress>제조주소1</gsw:LineAddress>
                    <!--(위탁)제조주소2-->
                    <gsw:LineAddress2>제조주소2</gsw:LineAddress2>
                    <!--(위탁)제조주소3-->
                    <gsw:LineAddress3>제조주소3</gsw:LineAddress3>
					<!--BSE 원산지 국가코드-->
					<gsw:OriginCountryCode>US</gsw:OriginCountryCode>
					<!--BSE 원산지 국가명-->
					<gsw:OriginCountryName>미국</gsw:OriginCountryName>
                </wco:Location>
                <wco:Indicator>
                    <!--BGMP 대상 구분코드(1AV : 비대상/1AU : 대상)-->
                    <gsw:BGMPObjectYN>1AV</gsw:BGMPObjectYN>
                    <!--DMF 대상 구분코드(1AV : 비대상/1AU : 대상)-->
                    <gsw:DMFObjectYN>1AV</gsw:DMFObjectYN>
                </wco:Indicator>
                <wco:Product>
                    <!--기능성화장품대상구분코드(1AV : 비대상/1AU : 대상)-->
                    <gsw:DrugCosmeticDistinctionCode>1AV</gsw:DrugCosmeticDistinctionCode>
                    <!--의약품 표준코드-->
                    <gsw:MedicineCode>10310934001</gsw:MedicineCode>
					<!--구 품목코드-->
					<gsw:IdentificationID>21402841131AGC018000022023</gsw:IdentificationID>
                    <!--BSE 대상구분코드(1AV : 비대상/1AU : 대상)-->
                    <gsw:BSESubjectItemCode>1AV</gsw:BSESubjectItemCode>
                    <!--기원물질-->
                    <gsw:OptativeAnimal>기원물질</gsw:OptativeAnimal>
                    <!--추출(사용)부위-->
                    <gsw:AbstractionPart>추출(사용)부위</gsw:AbstractionPart>
                    <!--BATCH NO-->
                    <gsw:BatchNo>Hydrolyzed Keratin</gsw:BatchNo>
                </wco:Product>
            </wco:DetailContents>
        </wco:LPCO>
    </wco:Declaration>
    <wco:Status>
        <!--필증 처리상태-->
        <wco:NameCode>R01</wco:NameCode>
    </wco:Status>
</wco:Response>
